{
  "method": "multi_seed_cv",
  "description": "Cross-validation with 20 random seeds to assess stability",
  "n_samples": 78,
  "n_features": 15,
  "n_classes": 13,
  "configuration": {
    "n_seeds": 20,
    "n_splits_per_seed": 2,
    "total_evaluations": 40
  },
  "metrics": {
    "mean_accuracy": 0.9538461538461537,
    "mean_accuracy_percent": 95.38461538461537,
    "std_deviation": 0.02802667136428289,
    "min_accuracy": 0.8846153846153846,
    "max_accuracy": 0.9871794871794872,
    "range": 0.10256410256410264,
    "confidence_interval_95": {
      "lower": 0.9415629235448514,
      "upper": 0.966129384147456,
      "width": 0.02456646060260459,
      "width_percent_of_mean": 2.5755160309182235
    }
  },
  "raw_scores": {
    "by_seed_mean": [
      0.9871794871794872,
      0.9743589743589743,
      0.9615384615384615,
      0.9615384615384615,
      0.8846153846153846,
      0.9615384615384615,
      0.9871794871794872,
      0.9615384615384616,
      0.9358974358974359,
      0.9487179487179487,
      0.9743589743589743,
      0.9871794871794872,
      0.9871794871794872,
      0.9615384615384616,
      0.9102564102564102,
      0.9358974358974359,
      0.9487179487179487,
      0.9615384615384616,
      0.9230769230769231,
      0.9230769230769231
    ],
    "all_folds": [
      0.9743589743589743,
      1.0,
      1.0,
      0.9487179487179487,
      0.9487179487179487,
      0.9743589743589743,
      0.9487179487179487,
      0.9743589743589743,
      0.8974358974358975,
      0.8717948717948718,
      0.9743589743589743,
      0.9487179487179487,
      1.0,
      0.9743589743589743,
      0.9230769230769231,
      1.0,
      0.9230769230769231,
      0.9487179487179487,
      1.0,
      0.8974358974358975,
      0.9743589743589743,
      0.9743589743589743,
      0.9743589743589743,
      1.0,
      0.9743589743589743,
      1.0,
      0.9230769230769231,
      1.0,
      0.9487179487179487,
      0.8717948717948718,
      0.8974358974358975,
      0.9743589743589743,
      0.9743589743589743,
      0.9230769230769231,
      0.9230769230769231,
      1.0,
      1.0,
      0.8461538461538461,
      0.8974358974358975,
      0.9487179487179487
    ]
  }
}