lda_dim,auc
2,0.9960415296953757
3,0.9998767258382644
4,1.0
5,1.0
