{
  "method": "label_permutation_test",
  "description": "Label permutation test: compares true accuracy to null distribution from shuffled labels",
  "n_samples": 78,
  "n_features": 15,
  "n_classes": 13,
  "configuration": {
    "n_permutations": 100,
    "n_splits": 2,
    "random_seed": 42
  },
  "true_accuracy": {
    "value": 0.9230769230769231,
    "percent": 92.3076923076923,
    "fold_scores": [
      0.9743589743589743,
      0.8717948717948718
    ]
  },
  "null_distribution": {
    "mean": 0.07743589743589743,
    "std": 0.03359627727380765,
    "min": 0.0,
    "max": 0.1923076923076923,
    "percentile_95": 0.1282051282051282,
    "percentile_99": 0.16692307692307706,
    "all_accuracies": [
      0.038461538461538464,
      0.07692307692307693,
      0.05128205128205128,
      0.038461538461538464,
      0.11538461538461539,
      0.038461538461538464,
      0.07692307692307693,
      0.08974358974358974,
      0.11538461538461538,
      0.07692307692307691,
      0.038461538461538464,
      0.10256410256410256,
      0.07692307692307693,
      0.0641025641025641,
      0.01282051282051282,
      0.05128205128205128,
      0.10256410256410256,
      0.05128205128205128,
      0.01282051282051282,
      0.11538461538461538,
      0.07692307692307693,
      0.038461538461538464,
      0.05128205128205128,
      0.08974358974358974,
      0.08974358974358974,
      0.05128205128205128,
      0.11538461538461538,
      0.02564102564102564,
      0.07692307692307693,
      0.11538461538461539,
      0.038461538461538464,
      0.08974358974358974,
      0.0641025641025641,
      0.0641025641025641,
      0.10256410256410256,
      0.05128205128205128,
      0.038461538461538464,
      0.08974358974358974,
      0.05128205128205128,
      0.07692307692307693,
      0.02564102564102564,
      0.08974358974358974,
      0.038461538461538464,
      0.0641025641025641,
      0.0641025641025641,
      0.10256410256410256,
      0.05128205128205128,
      0.0641025641025641,
      0.038461538461538464,
      0.0641025641025641,
      0.02564102564102564,
      0.11538461538461538,
      0.0641025641025641,
      0.14102564102564102,
      0.038461538461538464,
      0.0641025641025641,
      0.07692307692307693,
      0.1282051282051282,
      0.07692307692307693,
      0.10256410256410256,
      0.0641025641025641,
      0.05128205128205128,
      0.08974358974358974,
      0.08974358974358974,
      0.11538461538461538,
      0.11538461538461538,
      0.0641025641025641,
      0.11538461538461538,
      0.1282051282051282,
      0.10256410256410256,
      0.1282051282051282,
      0.038461538461538464,
      0.07692307692307693,
      0.10256410256410256,
      0.07692307692307693,
      0.08974358974358974,
      0.07692307692307693,
      0.08974358974358974,
      0.1923076923076923,
      0.1282051282051282,
      0.10256410256410256,
      0.0641025641025641,
      0.10256410256410256,
      0.1282051282051282,
      0.0,
      0.08974358974358974,
      0.05128205128205128,
      0.08974358974358974,
      0.038461538461538464,
      0.07692307692307691,
      0.08974358974358973,
      0.05128205128205128,
      0.07692307692307693,
      0.05128205128205128,
      0.11538461538461539,
      0.10256410256410256,
      0.07692307692307693,
      0.07692307692307693,
      0.16666666666666669,
      0.07692307692307693
    ]
  },
  "statistical_test": {
    "p_value": 0.0,
    "significant": true,
    "alpha": 0.05,
    "interpretation": "Extremely significant"
  }
}